iter	Passed	Remaining
0	1050	1049168
1	2051	1023891
2	3063	1018020
3	4069	1013290
4	5056	1006309
5	6077	1006845
6	7096	1006678
7	8085	1002585
8	9086	1000573
9	10127	1002611
10	11115	999424
11	12097	996027
12	13092	994049
13	14091	992436
14	15082	990392
15	16105	990466
16	17095	988544
17	18093	987105
18	19098	986069
19	20114	985591
20	21102	983760
21	22083	981730
22	23090	980840
23	24087	979574
24	25085	978324
25	26095	977580
26	27098	976533
27	28335	983631
28	29702	994522
29	30702	992717
30	31701	990922
31	32707	989390
32	33715	987973
33	34722	986518
34	35737	985330
35	36752	984163
36	37761	982810
37	38761	981278
38	39822	981275
39	40820	979696
40	41814	978059
41	42842	977216
42	43854	976020
43	44845	974370
44	45885	973801
45	46889	972442
46	47898	971227
47	48932	970498
48	49987	970174
49	50960	968256
50	51963	966933
51	52989	966039
52	54008	965011
53	55025	963973
54	56037	962825
55	57030	961364
56	58045	960294
57	59085	959622
58	60144	959250
59	61440	962571
60	62706	965265
61	63741	964351
62	64768	963297
63	65801	962348
64	66805	960975
65	67317	952643
66	68336	951615
67	69350	950515
68	70394	949820
69	71394	948527
70	72387	947159
71	73393	945957
72	74423	945075
73	75439	944018
74	76452	942917
75	77452	941653
76	78452	940413
77	79458	939244
78	80488	938353
79	81472	936931
80	82475	935737
81	83500	934795
82	84489	933460
83	85486	932205
84	86482	930961
85	87473	929660
86	88459	928315
87	89492	927472
88	90524	926605
89	91510	925276
90	92506	924044
91	93776	925537
92	95073	927224
93	96136	926594
94	97178	925754
95	98192	924647
96	99190	923393
97	100224	922473
98	101219	921199
99	102236	920132
100	103241	918954
101	104237	917702
102	105234	916459
103	106238	915289
104	107235	914056
105	108245	912935
106	109280	912036
107	110348	911394
108	111354	910249
109	112399	909412
110	113433	908492
111	114462	907523
112	115483	906493
113	116513	905537
114	117529	904466
115	118584	903692
116	119631	902863
117	120670	901962
118	121695	900959
119	122735	900059
120	123773	899146
121	124779	898006
122	125891	897620
123	127198	898594
124	128414	898899
125	129426	897770
126	130455	896753
127	131444	895467
128	132439	894224
129	133453	893108
130	134447	891868
131	135475	890855
132	136489	889749
133	137474	888453
134	138472	887248
135	139545	886525
136	140565	885457
137	141560	884238
138	142565	883083
139	143588	882042
140	144581	880818
141	145577	879617
142	146594	878544
143	147604	877426
144	148591	876176
145	149629	875229
146	150633	874083
147	151627	872884
148	152620	871676
149	153615	870485
150	154612	869310
151	155637	868291
152	156648	867197
153	157678	866207
154	158859	866040
155	160213	866795
156	161302	866104
157	162282	864823
158	163262	863544
159	164280	862472
160	165275	861281
161	166274	860112
162	167259	858871
163	168230	857566
164	169234	856428
165	170258	855396
166	171252	854209
167	172230	852951
168	173238	851839
169	174204	850526
170	175183	849282
171	176159	848024
172	177141	846798
173	178112	845520
174	179116	844407
175	180115	843267
176	181093	842035
177	182089	840885
178	183083	839727
179	184055	838473
180	185028	837226
181	186021	836075
182	187047	835071
183	188069	834047
184	189055	832867
185	190069	831810
186	191116	830895
187	192380	830921
188	193578	830647
189	194589	829564
190	195582	828409
191	196573	827248
192	197549	826021
193	198549	824900
194	199573	823880
195	200560	822705
196	201522	821433
197	202509	820264
198	203504	819132
199	204467	817868
200	205458	816722
201	206458	815612
202	207436	814419
203	208421	813251
204	209415	812124
205	210440	811114
206	211417	809923
207	212387	808704
208	213368	807533
209	214322	806260
210	215306	805105
211	216295	803966
212	217300	802888
213	218341	801947
214	219346	800871
215	220367	799852
216	221372	798776
217	222329	797530
218	223319	796403
219	224529	796060
220	225829	796025
221	226838	794955
222	227822	793802
223	228811	792669
224	229833	791648
225	230811	790478
226	231783	789289
227	232772	788160
228	233769	787057
229	234748	785897
230	235734	784761
231	236718	783619
232	237691	782442
233	238701	781391
234	239767	780519
235	240762	779416
236	241737	778252
237	242741	777180
238	243747	776115
239	244738	775004
240	245751	773962
241	246816	773085
242	247835	772064
243	248849	771025
244	249894	770083
245	250880	768958
246	251858	767812
247	252859	766734
248	253865	765673
249	254883	764649
250	255926	763701
251	257159	763313
252	258493	763218
253	259582	762395
254	260568	761269
255	261562	760165
256	262558	759069
257	263594	758089
258	264601	757025
259	265622	756002
260	266641	754972
261	267676	753989
262	268722	753035
263	269766	752076
264	270767	750995
265	271750	749867
266	272762	748820
267	273772	747767
268	274769	746679
269	275775	745615
270	276783	744557
271	277798	743520
272	278828	742522
273	279863	741535
274	280866	740465
275	281830	739293
276	282827	738211
277	283831	737144
278	284807	736008
279	285845	735030
280	286866	734011
281	287894	733007
282	288915	731988
283	290297	731875
284	291613	731592
285	292621	730530
286	293672	729575
287	294669	728489
288	295694	727470
289	296706	726419
290	297683	725283
291	298702	724252
292	299734	723249
293	300730	722161
294	301710	721036
295	302708	719956
296	303729	718927
297	304708	717803
298	305728	716775
299	306738	715722
300	307755	714688
301	308751	713603
302	309777	712591
303	310763	711483
304	311771	710430
305	312781	709380
306	313792	708333
307	314786	707248
308	315812	706235
309	316844	705233
310	317857	704192
311	318868	703144
312	319914	702176
313	320895	701064
314	321955	700126
315	323259	699713
316	324487	699133
317	325476	698033
318	326450	696904
319	327450	695832
320	328452	694763
321	329484	693759
322	330486	692691
323	331472	691591
324	332461	690496
325	333454	689412
326	334462	688358
327	335457	687278
328	336481	686258
329	337503	685234
330	338543	684247
331	339581	683255
332	340591	682205
333	341589	681132
334	342590	680068
335	343579	678977
336	344578	677908
337	345565	676817
338	346547	675717
339	347545	674647
340	348559	673608
341	349640	672700
342	350647	671647
343	351614	670521
344	352623	669472
345	353638	668437
346	354713	667516
347	356039	667062
348	357286	666456
349	358310	665433
350	359326	664395
351	360350	663372
352	361330	662268
353	362330	661202
354	363341	660155
355	364343	659092
356	365356	658051
357	366352	656977
358	367409	656015
359	368435	654996
360	369477	654005
361	370476	652938
362	371444	651817
363	372444	650754
364	373445	649693
365	374464	648662
366	375499	647660
367	376526	646643
368	377536	645597
369	378559	644574
370	379585	643555
371	380595	642510
372	381573	641410
373	382576	640354
374	383590	639317
375	384590	638256
376	385599	637210
377	386604	636158
378	387731	635306
379	389024	634724
380	390236	634006
381	391230	632932
382	392237	631880
383	393228	630803
384	394235	629752
385	395213	628656
386	396292	627719
387	397299	626668
388	398319	625638
389	399323	624583
390	400336	623541
391	401319	622454
392	402336	621419
393	403337	620361
394	404329	619290
395	405324	618222
396	406327	617166
397	407345	616135
398	408343	615074
399	409349	614024
400	410378	613009
401	411355	611916
402	412378	610893
403	413386	609847
404	414376	608775
405	415358	607691
406	416373	606657
407	417362	605584
408	418337	604492
409	419336	603436
410	420487	602596
411	421763	601934
412	422890	601057
413	423881	599986
414	424862	598902
415	425861	597843
416	426847	596767
417	427881	595758
418	428874	594692
419	429917	593695
420	430894	592607
421	431861	591507
422	432849	590436
423	433849	589379
424	434835	588306
425	435840	587259
426	436829	586190
427	437811	585111
428	438826	584078
429	439840	583044
430	440821	581966
431	441795	580879
432	442783	579811
433	443775	578748
434	444773	577694
435	445765	576632
436	446758	575572
437	447769	574535
438	448785	573504
439	449807	572481
440	450815	571441
441	451810	570385
442	452852	569387
443	454135	568692
444	455321	567873
445	456363	566873
446	457363	565820
447	458385	564796
448	459412	563778
449	460427	562745
450	461423	561687
451	462405	560615
452	463389	559545
453	464377	558480
454	465386	557441
455	466380	556383
456	467363	555313
457	468354	554253
458	469374	553228
459	470416	552227
460	471386	551143
461	472368	550073
462	473377	549036
463	474350	547956
464	475343	546901
465	476323	545829
466	477296	544751
467	478301	543710
468	479363	542733
469	480377	541702
470	481392	540672
471	482393	539627
472	483406	538594
473	484411	537554
474	485430	536528
475	486782	535869
476	488058	535124
477	489106	534128
478	490160	533138
479	491159	532089
480	492151	531032
481	493146	529978
482	494181	528968
483	495203	527943
484	496238	526934
485	497262	525911
486	498262	524863
487	499286	523841
488	500328	522838
489	501312	521774
490	502316	520730
491	503327	519696
492	504315	518636
493	505316	517591
494	506289	516517
495	507310	515492
496	508294	514430
497	509285	513375
498	510306	512351
499	511300	511300
500	512278	510233
501	513281	509191
502	514298	508163
503	515276	507097
504	516279	506056
505	517313	505045
506	518420	504105
507	519774	503403
508	520956	502533
509	521935	501467
510	522930	500416
511	523947	499387
512	524932	498327
513	525941	497291
514	526927	496232
515	527924	495184
516	528932	494147
517	529964	493133
518	530961	492085
519	531959	491039
520	532962	489997
521	533964	488956
522	534942	487891
523	535929	486836
524	536926	485790
525	537930	484750
526	538950	483726
527	539978	482707
528	540977	481664
529	541964	480610
530	542965	479568
531	543977	478536
532	544967	477485
533	545974	476449
534	547000	475430
535	548024	474409
536	549057	473395
537	550088	472380
538	551187	471423
539	552473	470625
540	553669	469748
541	554659	468697
542	555660	467655
543	556666	466617
544	557668	465576
545	558689	464551
546	559735	463546
547	560732	462501
548	561747	461471
549	562767	460445
550	563780	459414
551	564773	458366
552	565773	457325
553	566790	456296
554	567790	455255
555	568801	454223
556	569825	453200
557	570822	452157
558	571808	451104
559	572796	450054
560	573775	448997
561	574779	447960
562	575797	446933
563	576781	445880
564	577798	444853
565	578804	443817
566	579831	442799
567	580816	441747
568	581810	440703
569	582806	439660
570	583894	438687
571	585190	437869
572	586366	436960
573	587365	435919
574	588376	434887
575	589416	433876
576	590439	432852
577	591431	431806
578	592432	430766
579	593449	429739
580	594460	428707
581	595458	427665
582	596466	426632
583	597466	425592
584	598507	424582
585	599552	423574
586	600543	422528
587	601566	421506
588	602593	420485
589	603595	419447
590	604591	418405
591	605600	417373
592	606606	416338
593	607624	415312
594	608659	414297
595	609729	413306
596	610718	412260
597	611713	411218
598	612733	410194
599	613750	409166
600	614755	408132
601	615786	407114
602	617077	406268
603	618434	405463
604	619616	404542
605	620619	403504
606	621621	402466
607	622649	401445
608	623706	400442
609	624699	399398
610	625747	398388
611	626780	397370
612	627810	396350
613	628826	395320
614	629888	394320
615	630906	393292
616	631924	392264
617	632966	391250
618	633986	390224
619	635028	389210
620	636097	388213
621	637126	387192
622	638247	386226
623	639304	385222
624	640377	384226
625	641414	383209
626	642426	382177
627	643458	381156
628	644482	380131
629	645521	379116
630	646579	378110
631	647625	377098
632	648692	376098
633	650005	375239
634	651328	374385
635	652442	373410
636	653480	372391
637	654499	371361
638	655520	370333
639	656528	369297
640	657530	368258
641	658566	367237
642	659620	366227
643	660619	365187
644	661621	364148
645	662616	363105
646	663641	362079
647	664654	361046
648	665674	360018
649	666674	358978
650	667766	357988
651	668827	356981
652	669902	355981
653	670925	354954
654	671942	353923
655	672969	352898
656	674005	351877
657	675036	350854
658	676056	349826
659	677069	348793
660	678100	347770
661	679204	346784
662	680266	345776
663	681279	344743
664	682455	343793
665	683831	342942
666	685008	341990
667	686074	340982
668	687118	339964
669	688143	338936
670	689141	337894
671	690189	336878
672	691199	335842
673	692224	334814
674	693243	333783
675	694225	332735
676	695213	331689
677	696229	330657
678	697232	329619
679	698276	328600
680	699304	327574
681	700331	326547
682	701312	325499
683	702334	324470
684	703354	323440
685	704339	322394
686	705320	321347
687	706320	320308
688	707305	319262
689	708321	318231
690	709367	317213
691	710426	316201
692	711418	315159
693	712420	314122
694	713446	313095
695	714466	312065
696	715696	311127
697	717018	310228
698	718094	309222
699	719110	308190
700	720160	307172
701	721159	306133
702	722178	305102
703	723192	304069
704	724214	303040
705	725218	302003
706	726250	300978
707	727258	299942
708	728311	298926
709	729370	297911
710	730393	296883
711	731384	295840
712	732373	294798
713	733381	293763
714	734405	292735
715	735448	291714
716	736458	290680
717	737456	289641
718	738517	288627
719	739612	287627
720	740616	286591
721	741605	285548
722	742631	284521
723	743694	283508
724	744729	282483
725	745735	281448
726	746734	280410
727	747864	279422
728	749245	278525
729	750538	277596
730	751541	276559
731	752538	275519
732	753593	274501
733	754644	273481
734	755678	272455
735	756724	271433
736	757781	270415
737	758883	269414
738	759987	268412
739	761021	267386
740	762043	266355
741	763067	265325
742	764084	264293
743	765081	263253
744	766082	262216
745	767099	261183
746	768102	260147
747	769125	259117
748	770193	258102
749	771196	257065
750	772203	256030
751	773246	255006
752	774251	253970
753	775268	252939
754	776349	251928
755	777370	250897
756	778433	249880
757	779525	248872
758	780594	247856
759	781908	246918
760	783112	245944
761	784133	244913
762	785116	243869
763	786130	242836
764	787155	241805
765	788175	240774
766	789212	239747
767	790288	238732
768	791278	237692
769	792264	236650
770	793268	235614
771	794296	234585
772	795344	233561
773	796400	232540
774	797421	231509
775	798447	230479
776	799549	229471
777	800548	228434
778	801570	227403
779	802585	226370
780	803637	225347
781	804682	224323
782	805726	223298
783	806767	222272
784	807802	221245
785	808870	220226
786	809921	219203
787	810934	218170
788	811944	217135
789	812938	216097
790	814272	215149
791	815596	214197
792	816634	213169
793	817657	212137
794	818729	211118
795	819814	210103
796	820820	209067
797	821816	208028
798	822814	206990
799	823791	205947
800	824789	204910
801	825821	203881
802	826818	202843
803	827843	201812
804	828849	200777
805	829941	199762
806	830972	198733
807	832024	197708
808	833083	196686
809	834122	195658
810	835149	194627
811	836191	193601
812	837232	192573
813	838262	191543
814	839291	190514
815	840354	189491
816	841389	188462
817	842426	187434
818	843423	186397
819	844441	185365
820	845484	184338
821	846717	183352
822	848116	182401
823	849259	181395
824	850316	180370
825	851345	179339
826	852378	178308
827	853482	177293
828	854538	176267
829	855571	175237
830	856582	174202
831	857604	173170
832	858647	172141
833	859716	171118
834	860724	170083
835	861734	169048
836	862749	168014
837	863767	166981
838	864768	165944
839	865801	164914
840	866803	163878
841	867798	162841
842	868832	161811
843	869859	160779
844	870889	159748
845	871903	158715
846	872915	157681
847	873933	156648
848	874948	155615
849	875971	154583
850	876977	153548
851	878010	152518
852	879234	151521
853	880608	150548
854	881733	149533
855	882736	148497
856	883766	147466
857	884762	146429
858	885793	145398
859	886804	144363
860	887820	143329
861	888850	142298
862	889893	141269
863	890901	140234
864	891898	139197
865	892920	138165
866	893939	137132
867	894936	136096
868	895979	135067
869	896998	134034
870	898011	133000
871	899058	131971
872	900120	130945
873	901131	129911
874	902140	128877
875	903140	127841
876	904115	126802
877	905142	125771
878	906172	124740
879	907172	123705
880	908191	122672
881	909197	121638
882	910230	120608
883	911215	119571
884	912501	118573
885	913811	117578
886	914818	116543
887	915860	115513
888	916854	114477
889	917862	113443
890	918893	112412
891	919921	111380
892	920929	110346
893	921941	109312
894	922956	108279
895	923957	107245
896	924958	106210
897	925973	105177
898	926968	104142
899	927974	103108
900	928967	102073
901	930002	101042
902	931019	100009
903	932020	98975
904	933019	97941
905	934021	96907
906	935022	95873
907	936031	94840
908	937021	93805
909	938045	92773
910	939055	91740
911	940082	90709
912	941077	89675
913	942044	88638
914	943025	87603
915	944023	86569
916	945278	85559
917	946551	84550
918	947531	83514
919	948547	82482
920	949589	81452
921	950588	80418
922	951579	79384
923	952568	78349
924	953589	77318
925	954576	76283
926	955581	75250
927	956596	74218
928	957596	73185
929	958603	72152
930	959645	71122
931	960643	70089
932	961620	69055
933	962613	68021
934	963630	66990
935	964631	65957
936	965628	64924
937	966609	63891
938	967629	62859
939	968646	61828
940	969679	60798
941	970684	59766
942	971683	58733
943	972684	57701
944	973689	56669
945	974676	55636
946	975699	54606
947	976700	53574
948	978011	52559
949	979331	51543
950	980333	50511
951	981310	49477
952	982290	48444
953	983323	47413
954	984298	46380
955	985288	45348
956	986269	44315
957	987249	43282
958	988220	42249
959	989218	41217
960	990239	40186
961	991218	39154
962	992195	38121
963	993184	37089
964	994152	36057
965	995124	35025
966	996112	33993
967	997126	32962
968	998127	31931
969	999122	30900
970	1000141	29870
971	1001114	28838
972	1002096	27807
973	1003070	26776
974	1004092	25745
975	1005069	24714
976	1006050	23683
977	1007025	22652
978	1008014	21622
979	1009018	20592
980	1010241	19566
981	1011529	18541
982	1012691	17513
983	1013717	16483
984	1014709	15452
985	1015715	14421
986	1016729	13391
987	1017714	12360
988	1018715	11330
989	1019736	10300
990	1020710	9269
991	1021693	8239
992	1022680	7209
993	1023665	6179
994	1024640	5148
995	1025642	4119
996	1026633	3089
997	1027624	2059
998	1028627	1029
999	1029667	0
